{
    "xmin": 113.898894,
    "xmax": 118.8734,
    "ymin": 39.366971,
    "ymax": 41.124106
}
